{
  "main": {
    "id": "19d95ce5bfbcca97",
    "type": "split",
    "children": [
      {
        "id": "19cc19f406163ab0",
        "type": "tabs",
        "children": [
          {
            "id": "39e6fd264cb62d50",
            "type": "leaf",
            "state": {
              "type": "markdown",
              "state": {
                "file": "Retos PicoCTF/Examen 3/Two sum.md",
                "mode": "source",
                "source": false
              }
            }
          }
        ]
      }
    ],
    "direction": "vertical"
  },
  "left": {
    "id": "594a06b4d4ec92fa",
    "type": "split",
    "children": [
      {
        "id": "526c1f82b9acd029",
        "type": "tabs",
        "children": [
          {
            "id": "69ed8bdf26d93490",
            "type": "leaf",
            "state": {
              "type": "file-explorer",
              "state": {
                "sortOrder": "alphabetical"
              }
            }
          },
          {
            "id": "ee157e967d53cb7f",
            "type": "leaf",
            "state": {
              "type": "search",
              "state": {
                "query": "",
                "matchingCase": false,
                "explainSearch": false,
                "collapseAll": false,
                "extraContext": false,
                "sortOrder": "alphabetical"
              }
            }
          },
          {
            "id": "e099465689001920",
            "type": "leaf",
            "state": {
              "type": "starred",
              "state": {}
            }
          }
        ]
      }
    ],
    "direction": "horizontal",
    "width": 300
  },
  "right": {
    "id": "2438d71f1b026b86",
    "type": "split",
    "children": [
      {
        "id": "94ca7da86b8a4cb2",
        "type": "tabs",
        "children": [
          {
            "id": "8b40bac275a52715",
            "type": "leaf",
            "state": {
              "type": "backlink",
              "state": {
                "file": "Retos PicoCTF/Examen 3/Two sum.md",
                "collapseAll": false,
                "extraContext": false,
                "sortOrder": "alphabetical",
                "showSearch": false,
                "searchQuery": "",
                "backlinkCollapsed": false,
                "unlinkedCollapsed": true
              }
            }
          },
          {
            "id": "127cc11c1728488b",
            "type": "leaf",
            "state": {
              "type": "outgoing-link",
              "state": {
                "file": "Retos PicoCTF/Examen 3/Two sum.md",
                "linksCollapsed": false,
                "unlinkedCollapsed": true
              }
            }
          },
          {
            "id": "3696791afb66ce4c",
            "type": "leaf",
            "state": {
              "type": "tag",
              "state": {
                "sortOrder": "frequency",
                "useHierarchy": true
              }
            }
          },
          {
            "id": "0f5b86db3fc5a4a6",
            "type": "leaf",
            "state": {
              "type": "outline",
              "state": {
                "file": "Retos PicoCTF/Examen 3/Two sum.md"
              }
            }
          }
        ]
      }
    ],
    "direction": "horizontal",
    "width": 300,
    "collapsed": true
  },
  "left-ribbon": {
    "hiddenItems": {
      "switcher:Abrir quick switcher": false,
      "graph:Abrir vista de gráfico": false,
      "canvas:Create new canvas": false,
      "daily-notes:Abrir la nota de hoy": false,
      "templates:Insertar plantilla": false,
      "command-palette:Abrir paleta de comandos": false
    }
  },
  "active": "39e6fd264cb62d50",
  "lastOpenFiles": [
    "Retos PicoCTF/Examen 3/Clutter overflow.md",
    "Retos PicoCTF/Examen 3/Two sum.md",
    "Retos PicoCTF/Examen 3/Local target.md",
    "Retos PicoCTF/Examen 3/Picker IV.md",
    "Retos PicoCTF/Examen 3/GDB baby step 2.md",
    "Retos PicoCTF/Examen 3/GDB baby step 1.md",
    "Retos PicoCTF/Examen 3/Bit o asm 4.md",
    "Retos PicoCTF/Examen 3/Bit o asm 3.md",
    "Retos PicoCTF/Examen 3/Bit o asm 2.md",
    "Retos PicoCTF/Examen 3/Bit o asm 1.md",
    "Retos PicoCTF/Examen 3/Ascii ftw.md",
    "Retos PicoCTF/Examen 3/SRA.md",
    "Retos PicoCTF/Examen 3/Vigenere.md",
    "Retos PicoCTF/Examen 3/Transposition trial.md",
    "Retos PicoCTF/Examen 3/Mr Worldwide.md",
    "Retos PicoCTF/Examen 3/Flags.md",
    "Retos PicoCTF/Examen 2/St3g0.md",
    "Retos PicoCTF/Examen 3",
    "Retos PicoCTF/Examen 2/Redaction gone wrong.md",
    "Retos PicoCTF/Examen 2/Packets premier.md",
    "Retos PicoCTF/Examen 2/Lookey here.md",
    "Retos PicoCTF/Examen 2/Enhance!.md",
    "Retos PicoCTF/Examen 2/Wireshark doo dooo.md",
    "Retos PicoCTF/Examen 2/Information.md",
    "Retos PicoCTF/Examen 2/SQL direct.md",
    "Retos PicoCTF/Examen 2/Secrets.md",
    "Retos PicoCTF/Examen 2/Roboto Sans.md",
    "Retos PicoCTF/Examen 2",
    "Retos PicoCTF/Examen 1",
    "Retos PicoCTF/Pico 2023",
    "Retos PicoCTF/Pico 2022",
    "Retos PicoCTF/Pico 2021",
    "Retos PicoCTF/Pico 2019",
    "Retos PicoCTF"
  ]
}